coarse_loss,epoch,fine_loss,step
10.214090347290039,0,0.7797797322273254,0
10.086982727050781,1,0.786792516708374,1
